<?xml version="1.0" encoding="UTF-8"?>
<report version="1.0" kind="exception">
  <system description="Linux 5.3.0-19-generic x86_64"/>
  <modules>
    <module path="/tmp/.mount_xLights4mtuk/usr/bin/xSchedule" address="0x55de3b593000" size="0x64d000"/>
    <module path="/tmp/.mount_xLights4mtuk/usr/bin/xSchedule" address="0x55de3be22000" size="0x8000"/>
    <module path="/tmp/.mount_xLights4mtuk/usr/bin/xSchedule" address="0x55de3be32000" size="0x5b000"/>
    <module path="/SYSV00000000" address="0x7fece1f7d000" size="0x800000"/>
    <module path="/memfd:pulseaudio" address="0x7fecfc000000" size="0x4000000"/>
    <module path="/memfd:pulseaudio" address="0x7fed04000000" size="0x4000000"/>
    <module path="/SYSV00000000" address="0x7fed10079000" size="0x60000"/>
    <module path="/SYSV00000000" address="0x7fed10192000" size="0x3000"/>
    <module path="/usr/lib/x86_64-linux-gnu/gdk-pixbuf-2.0/2.10.0/loaders/libpixbufloader-png.so" address="0x7fed12246000" size="0x2000" version="png"/>
    <module path="/usr/lib/x86_64-linux-gnu/gdk-pixbuf-2.0/2.10.0/loaders/libpixbufloader-png.so" address="0x7fed1224b000" size="0x1000" version="png"/>
    <module path="/usr/lib/x86_64-linux-gnu/gdk-pixbuf-2.0/2.10.0/loaders/libpixbufloader-png.so" address="0x7fed1224d000" size="0x1000" version="png"/>
    <module path="/usr/share/mime/mime.cache" address="0x7fed1224f000" size="0x22000"/>
    <module path="/usr/share/icons/Adwaita/icon-theme.cache" address="0x7fed12274000" size="0xa000"/>
    <module path="/usr/share/icons/Yaru/icon-theme.cache" address="0x7fed122ce000" size="0x17000"/>
    <module path="/usr/lib/x86_64-linux-gnu/gio/modules/libgvfsdbus.so" address="0x7fed122ef000" size="0x20000" version="gnu/gio/modules/libgvfsdbus"/>
    <module path="/usr/lib/x86_64-linux-gnu/gio/modules/libgvfsdbus.so" address="0x7fed1231a000" size="0x1000" version="gnu/gio/modules/libgvfsdbus"/>
    <module path="/usr/lib/x86_64-linux-gnu/gio/modules/libgvfsdbus.so" address="0x7fed1231d000" size="0x1000" version="gnu/gio/modules/libgvfsdbus"/>
    <module path="/usr/lib/x86_64-linux-gnu/gvfs/libgvfscommon.so" address="0x7fed13320000" size="0x12000" version="gnu/gvfs/libgvfscommon"/>
    <module path="/usr/lib/x86_64-linux-gnu/gvfs/libgvfscommon.so" address="0x7fed1334c000" size="0xd000" version="gnu/gvfs/libgvfscommon"/>
    <module path="/usr/lib/x86_64-linux-gnu/gvfs/libgvfscommon.so" address="0x7fed1335f000" size="0x1000" version="gnu/gvfs/libgvfscommon"/>
    <module path="/usr/lib/x86_64-linux-gnu/gio/modules/libgioremote-volume-monitor.so" address="0x7fed13367000" size="0xf000" version="monitor"/>
    <module path="/usr/lib/x86_64-linux-gnu/gio/modules/libgioremote-volume-monitor.so" address="0x7fed1337d000" size="0x4000" version="monitor"/>
    <module path="/usr/lib/x86_64-linux-gnu/gio/modules/libdconfsettings.so" address="0x7fed13382000" size="0x4000" version="gnu/gio/modules/libdconfsettings"/>
    <module path="/usr/lib/x86_64-linux-gnu/gio/modules/libdconfsettings.so" address="0x7fed1338d000" size="0x3000" version="gnu/gio/modules/libdconfsettings"/>
    <module path="/usr/lib/x86_64-linux-gnu/gio/modules/libdconfsettings.so" address="0x7fed13391000" size="0x1000" version="gnu/gio/modules/libdconfsettings"/>
    <module path="/usr/share/fonts/truetype/ubuntu/Ubuntu-B.ttf" address="0x7fed13393000" size="0x52000"/>
    <module path="/usr/share/fonts/truetype/ubuntu/Ubuntu-R.ttf" address="0x7fed13439000" size="0x57000"/>
    <module path="/var/cache/fontconfig/4735ced1-6d0a-484b-aa66-14004ff8c20d-le64.cache-7" address="0x7fed1349c000" size="0x6000"/>
    <module path="/var/cache/fontconfig/8faf38ee-2c33-4c55-a675-483a16d1022f-le64.cache-7" address="0x7fed134a3000" size="0x16000"/>
    <module path="/var/cache/fontconfig/55c61031-cd66-4d46-b560-df3399320a69-le64.cache-7" address="0x7fed134ba000" size="0x1000"/>
    <module path="/var/cache/fontconfig/3dbe6e91-673d-445d-b843-ff075c5a58cf-le64.cache-7" address="0x7fed134bd000" size="0x1000"/>
    <module path="/var/cache/fontconfig/b5e2c191-6117-4887-aa06-14b3059a1ff0-le64.cache-7" address="0x7fed134c0000" size="0x2000"/>
    <module path="/var/cache/fontconfig/710a0237-2f0e-401c-8ca4-5ec37bfca599-le64.cache-7" address="0x7fed134c3000" size="0x2000"/>
    <module path="/var/cache/fontconfig/0c77ce6f-889c-40c1-ab22-3605084235ef-le64.cache-7" address="0x7fed134ca000" size="0x1000"/>
    <module path="/var/cache/fontconfig/1a86e7b0-a7f5-43bb-9812-0199d28b4fb4-le64.cache-7" address="0x7fed134cc000" size="0x1000"/>
    <module path="/var/cache/fontconfig/4bf71819-711e-4bc1-9fb3-55e82c56371c-le64.cache-7" address="0x7fed134ce000" size="0x1000"/>
    <module path="/var/cache/fontconfig/bb172836-3c5c-4cc9-ae79-4128d810ac86-le64.cache-7" address="0x7fed134d0000" size="0x1000"/>
    <module path="/var/cache/fontconfig/5d7fba21-a120-4d01-9cbd-9c8c9f5fffdb-le64.cache-7" address="0x7fed134d2000" size="0x1000"/>
    <module path="/var/cache/fontconfig/5b7ed839-129a-4e66-9485-ac1bfae4a41d-le64.cache-7" address="0x7fed134d4000" size="0x1000"/>
    <module path="/var/cache/fontconfig/f435d05c-74f5-4c68-bb47-70fe549e018c-le64.cache-7" address="0x7fed134da000" size="0x7000"/>
    <module path="/var/cache/fontconfig/b1aee844-35a3-4c8f-9bef-020b93959f05-le64.cache-7" address="0x7fed134e2000" size="0x1000"/>
    <module path="/var/cache/fontconfig/4c464a33-f1d3-4ae4-8eb0-d274ac16a513-le64.cache-7" address="0x7fed134e9000" size="0x13000"/>
    <module path="/var/cache/fontconfig/a06dadc7-1f49-44ae-86e5-1971a40ca755-le64.cache-7" address="0x7fed13500000" size="0x1000"/>
    <module path="/var/cache/fontconfig/736d8911-d263-498c-ad2a-da18406efd57-le64.cache-7" address="0x7fed13502000" size="0x1000"/>
    <module path="/var/cache/fontconfig/9eb9db1b-4a45-4ff5-8d80-534a4bfd6c4c-le64.cache-7" address="0x7fed13504000" size="0x3000"/>
    <module path="/SYSV00000000" address="0x7fed13517000" size="0x60000"/>
    <module path="/usr/lib/x86_64-linux-gnu/libnss_files-2.30.so" address="0x7fed1357a000" size="0x7000" version="2.30"/>
    <module path="/usr/lib/x86_64-linux-gnu/libnss_files-2.30.so" address="0x7fed13583000" size="0x1000" version="2.30"/>
    <module path="/var/cache/fontconfig/fd08f669-397f-4e28-a0e6-61135ca541fc-le64.cache-7" address="0x7fed1358b000" size="0x2000"/>
    <module path="/var/cache/fontconfig/97aebea2-f902-4fcb-965d-eeff72cb6957-le64.cache-7" address="0x7fed13590000" size="0x1000"/>
    <module path="/var/cache/fontconfig/5d5ab539-8582-4d75-9df7-561468f45119-le64.cache-7" address="0x7fed13595000" size="0x1000"/>
    <module path="/var/cache/fontconfig/1afddb54-3e4a-4f39-81aa-917665098734-le64.cache-7" address="0x7fed13597000" size="0x1000"/>
    <module path="/var/cache/fontconfig/3ac8458d-ae8e-497c-b2be-72d753571bb9-le64.cache-7" address="0x7fed13599000" size="0x1000"/>
    <module path="/usr/lib/x86_64-linux-gnu/gtk-2.0/2.10.0/engines/libpixmap.so" address="0x7fed1359c000" size="0x3000" version="2.0/2.10.0/engines/libpixmap"/>
    <module path="/usr/lib/x86_64-linux-gnu/gtk-2.0/2.10.0/engines/libpixmap.so" address="0x7fed135a5000" size="0x2000" version="2.0/2.10.0/engines/libpixmap"/>
    <module path="/usr/lib/x86_64-linux-gnu/gtk-2.0/2.10.0/engines/libpixmap.so" address="0x7fed135a8000" size="0x1000" version="2.0/2.10.0/engines/libpixmap"/>
    <module path="/usr/lib/x86_64-linux-gnu/gtk-2.0/2.10.0/engines/libadwaita.so" address="0x7fed135aa000" size="0x2000" version="2.0/2.10.0/engines/libadwaita"/>
    <module path="/usr/lib/x86_64-linux-gnu/gtk-2.0/2.10.0/engines/libadwaita.so" address="0x7fed137ac000" size="0x1000" version="2.0/2.10.0/engines/libadwaita"/>
    <module path="/memfd:pulseaudio" address="0x7fed13800000" size="0x4000000"/>
    <module path="/memfd:pulseaudio" address="0x7fed1b800000" size="0x4000000"/>
    <module path="/usr/lib/locale/locale-archive" address="0x7fed24001000" size="0xdde000"/>
    <module path="/tmp/.mount_xLights4mtuk/usr/lib/libFLAC.so.8" address="0x7fed24df3000" size="0x75000" version="8"/>
    <module path="/tmp/.mount_xLights4mtuk/usr/lib/libFLAC.so.8" address="0x7fed25068000" size="0x1000" version="8"/>
    <module path="/tmp/.mount_xLights4mtuk/usr/lib/libFLAC.so.8" address="0x7fed2506a000" size="0x4000" version="8"/>
    <module path="/tmp/.mount_xLights4mtuk/usr/lib/liblz4.so.1" address="0x7fed25070000" size="0x11000" version="1"/>
    <module path="/tmp/.mount_xLights4mtuk/usr/lib/liblz4.so.1" address="0x7fed25280000" size="0x1000" version="1"/>
    <module path="/tmp/.mount_xLights4mtuk/usr/lib/liblz4.so.1" address="0x7fed25282000" size="0x1000" version="1"/>
    <module path="/usr/lib/x86_64-linux-gnu/libdatrie.so.1.3.5" address="0x7fed25285000" size="0x4000" version="1.3.5"/>
    <module path="/usr/lib/x86_64-linux-gnu/libdatrie.so.1.3.5" address="0x7fed2528b000" size="0x1000" version="1.3.5"/>
    <module path="/usr/lib/x86_64-linux-gnu/libgraphite2.so.3.2.1" address="0x7fed2528d000" size="0x3000" version="3.2.1"/>
    <module path="/usr/lib/x86_64-linux-gnu/libgraphite2.so.3.2.1" address="0x7fed252b2000" size="0x5000" version="3.2.1"/>
    <module path="/usr/lib/x86_64-linux-gnu/libgraphite2.so.3.2.1" address="0x7fed252b9000" size="0x1000" version="3.2.1"/>
    <module path="/usr/lib/x86_64-linux-gnu/libpcre2-8.so.0.7.1" address="0x7fed252bc000" size="0x5c000" version="0.7.1"/>
    <module path="/usr/lib/x86_64-linux-gnu/libpcre2-8.so.0.7.1" address="0x7fed2533d000" size="0x1000" version="0.7.1"/>
    <module path="/usr/lib/x86_64-linux-gnu/libblkid.so.1.1.0" address="0x7fed2533f000" size="0xa000" version="1.1.0"/>
    <module path="/usr/lib/x86_64-linux-gnu/libblkid.so.1.1.0" address="0x7fed2537f000" size="0x10000" version="1.1.0"/>
    <module path="/usr/lib/x86_64-linux-gnu/libblkid.so.1.1.0" address="0x7fed25390000" size="0x5000" version="1.1.0"/>
    <module path="/tmp/.mount_xLights4mtuk/usr/lib/libasyncns.so.0" address="0x7fed25398000" size="0x5000" version="0"/>
    <module path="/tmp/.mount_xLights4mtuk/usr/lib/libasyncns.so.0" address="0x7fed2559c000" size="0x1000" version="0"/>
    <module path="/tmp/.mount_xLights4mtuk/usr/lib/libasyncns.so.0" address="0x7fed2559e000" size="0x1000" version="0"/>
    <module path="/tmp/.mount_xLights4mtuk/usr/lib/libsndfile.so.1" address="0x7fed25612000" size="0x1ff000" version="1"/>
    <module path="/tmp/.mount_xLights4mtuk/usr/lib/libsndfile.so.1" address="0x7fed25814000" size="0x1000" version="1"/>
    <module path="/tmp/.mount_xLights4mtuk/usr/lib/libsndfile.so.1" address="0x7fed25817000" size="0x2000" version="1"/>
    <module path="/tmp/.mount_xLights4mtuk/usr/lib/libwrap.so.0" address="0x7fed25821000" size="0x200000" version="0"/>
    <module path="/tmp/.mount_xLights4mtuk/usr/lib/libwrap.so.0" address="0x7fed25a22000" size="0x1000" version="0"/>
    <module path="/tmp/.mount_xLights4mtuk/usr/lib/libsystemd.so.0" address="0x7fed25a24000" size="0x84000" version="0"/>
    <module path="/tmp/.mount_xLights4mtuk/usr/lib/libsystemd.so.0" address="0x7fed25aa9000" size="0x3000" version="0"/>
    <module path="/tmp/.mount_xLights4mtuk/usr/lib/libsystemd.so.0" address="0x7fed25aae000" size="0x4000" version="0"/>
    <module path="/tmp/.mount_xLights4mtuk/usr/lib/libXtst.so.6" address="0x7fed25ab7000" size="0x1ff000" version="6"/>
    <module path="/tmp/.mount_xLights4mtuk/usr/lib/libXtst.so.6" address="0x7fed25cb7000" size="0x1000" version="6"/>
    <module path="/tmp/.mount_xLights4mtuk/usr/lib/libX11-xcb.so.1" address="0x7fed25cbb000" size="0x1000" version="1"/>
    <module path="/tmp/.mount_xLights4mtuk/usr/lib/libX11-xcb.so.1" address="0x7fed25ebb000" size="0x1000" version="1"/>
    <module path="/tmp/.mount_xLights4mtuk/usr/lib/libX11-xcb.so.1" address="0x7fed25ebd000" size="0x1000" version="1"/>
    <module path="/tmp/.mount_xLights4mtuk/usr/lib/libicudata.so.57" address="0x7fed2773a000" size="0x1ff000" version="57"/>
    <module path="/tmp/.mount_xLights4mtuk/usr/lib/libicudata.so.57" address="0x7fed2793a000" size="0x1000" version="57"/>
    <module path="/tmp/.mount_xLights4mtuk/usr/lib/libicuuc.so.57" address="0x7fed2793c000" size="0x194000" version="57"/>
    <module path="/tmp/.mount_xLights4mtuk/usr/lib/libicuuc.so.57" address="0x7fed27ccf000" size="0x12000" version="57"/>
    <module path="/tmp/.mount_xLights4mtuk/usr/lib/libicuuc.so.57" address="0x7fed27ce4000" size="0x21000" version="57"/>
    <module path="/tmp/.mount_xLights4mtuk/usr/lib/libicui18n.so.57" address="0x7fed27f70000" size="0x1ff000" version="57"/>
    <module path="/tmp/.mount_xLights4mtuk/usr/lib/libicui18n.so.57" address="0x7fed2817c000" size="0x2000" version="57"/>
    <module path="/tmp/.mount_xLights4mtuk/usr/lib/libicui18n.so.57" address="0x7fed2817f000" size="0x5f000" version="57"/>
    <module path="/usr/lib/x86_64-linux-gnu/libgpg-error.so.0.27.0" address="0x7fed281e2000" size="0x13000" version="0.27.0"/>
    <module path="/usr/lib/x86_64-linux-gnu/libgpg-error.so.0.27.0" address="0x7fed281ff000" size="0x1000" version="0.27.0"/>
    <module path="/usr/lib/x86_64-linux-gnu/libICE.so.6.3.0" address="0x7fed28203000" size="0x5000" version="6.3.0"/>
    <module path="/usr/lib/x86_64-linux-gnu/libICE.so.6.3.0" address="0x7fed28217000" size="0x5000" version="6.3.0"/>
    <module path="/usr/lib/x86_64-linux-gnu/libICE.so.6.3.0" address="0x7fed2821d000" size="0x1000" version="6.3.0"/>
    <module path="/usr/lib/x86_64-linux-gnu/libuuid.so.1.3.0" address="0x7fed28221000" size="0x2000" version="1.3.0"/>
    <module path="/usr/lib/x86_64-linux-gnu/libuuid.so.1.3.0" address="0x7fed28227000" size="0x1000" version="1.3.0"/>
    <module path="/usr/lib/x86_64-linux-gnu/libuuid.so.1.3.0" address="0x7fed28229000" size="0x1000" version="1.3.0"/>
    <module path="/usr/lib/x86_64-linux-gnu/libfribidi.so.0.4.0" address="0x7fed2822c000" size="0x4000" version="0.4.0"/>
    <module path="/usr/lib/x86_64-linux-gnu/libfribidi.so.0.4.0" address="0x7fed28245000" size="0x1000" version="0.4.0"/>
    <module path="/usr/lib/x86_64-linux-gnu/libthai.so.0.3.1" address="0x7fed28247000" size="0x2000" version="0.3.1"/>
    <module path="/usr/lib/x86_64-linux-gnu/libthai.so.0.3.1" address="0x7fed2824d000" size="0x3000" version="0.3.1"/>
    <module path="/usr/lib/x86_64-linux-gnu/libthai.so.0.3.1" address="0x7fed28251000" size="0x1000" version="0.3.1"/>
    <module path="/usr/lib/x86_64-linux-gnu/libharfbuzz.so.0.20600.1" address="0x7fed2825b000" size="0xba000" version="0.20600.1"/>
    <module path="/usr/lib/x86_64-linux-gnu/libharfbuzz.so.0.20600.1" address="0x7fed28346000" size="0x1000" version="0.20600.1"/>
    <module path="/usr/lib/x86_64-linux-gnu/libharfbuzz.so.0.20600.1" address="0x7fed28348000" size="0x1000" version="0.20600.1"/>
    <module path="/usr/lib/x86_64-linux-gnu/libselinux.so.1" address="0x7fed2834b000" size="0x6000" version="1"/>
    <module path="/usr/lib/x86_64-linux-gnu/libselinux.so.1" address="0x7fed2836a000" size="0x7000" version="1"/>
    <module path="/usr/lib/x86_64-linux-gnu/libselinux.so.1" address="0x7fed28372000" size="0x1000" version="1"/>
    <module path="/usr/lib/x86_64-linux-gnu/libmount.so.1.1.0" address="0x7fed28376000" size="0xb000" version="1.1.0"/>
    <module path="/usr/lib/x86_64-linux-gnu/libmount.so.1.1.0" address="0x7fed283bf000" size="0x13000" version="1.1.0"/>
    <module path="/usr/lib/x86_64-linux-gnu/libmount.so.1.1.0" address="0x7fed283d5000" size="0x1000" version="1.1.0"/>
    <module path="/tmp/.mount_xLights4mtuk/usr/lib/libxcb-render.so.0" address="0x7fed283e2000" size="0x200000" version="0"/>
    <module path="/tmp/.mount_xLights4mtuk/usr/lib/libxcb-render.so.0" address="0x7fed285e3000" size="0x1000" version="0"/>
    <module path="/tmp/.mount_xLights4mtuk/usr/lib/libxcb-shm.so.0" address="0x7fed285e7000" size="0x2000" version="0"/>
    <module path="/tmp/.mount_xLights4mtuk/usr/lib/libxcb-shm.so.0" address="0x7fed287e9000" size="0x1000" version="0"/>
    <module path="/tmp/.mount_xLights4mtuk/usr/lib/libxcb-shm.so.0" address="0x7fed287eb000" size="0x1000" version="0"/>
    <module path="/tmp/.mount_xLights4mtuk/usr/lib/libpixman-1.so.0" address="0x7fed2888a000" size="0x200000" version="0"/>
    <module path="/tmp/.mount_xLights4mtuk/usr/lib/libpixman-1.so.0" address="0x7fed28a92000" size="0x1000" version="0"/>
    <module path="/tmp/.mount_xLights4mtuk/usr/lib/libXdamage.so.1" address="0x7fed28a97000" size="0x2000" version="1"/>
    <module path="/tmp/.mount_xLights4mtuk/usr/lib/libXdamage.so.1" address="0x7fed28c98000" size="0x1000" version="1"/>
    <module path="/tmp/.mount_xLights4mtuk/usr/lib/libXdamage.so.1" address="0x7fed28c9a000" size="0x1000" version="1"/>
    <module path="/tmp/.mount_xLights4mtuk/usr/lib/libXcomposite.so.1" address="0x7fed28c9d000" size="0x1ff000" version="1"/>
    <module path="/tmp/.mount_xLights4mtuk/usr/lib/libXcomposite.so.1" address="0x7fed28e9d000" size="0x1000" version="1"/>
    <module path="/tmp/.mount_xLights4mtuk/usr/lib/libXrender.so.1" address="0x7fed28e9f000" size="0x9000" version="1"/>
    <module path="/tmp/.mount_xLights4mtuk/usr/lib/libXrender.so.1" address="0x7fed290a7000" size="0x1000" version="1"/>
    <module path="/tmp/.mount_xLights4mtuk/usr/lib/libXrender.so.1" address="0x7fed290a9000" size="0x1000" version="1"/>
    <module path="/tmp/.mount_xLights4mtuk/usr/lib/libbsd.so.0" address="0x7fed290bd000" size="0x200000" version="0"/>
    <module path="/tmp/.mount_xLights4mtuk/usr/lib/libbsd.so.0" address="0x7fed292be000" size="0x1000" version="0"/>
    <module path="/tmp/.mount_xLights4mtuk/usr/lib/libbsd.so.0" address="0x7fed292c0000" size="0x1000" version="0"/>
    <module path="/tmp/.mount_xLights4mtuk/usr/lib/libdbus-1.so.3" address="0x7fed292c3000" size="0x4d000" version="3"/>
    <module path="/tmp/.mount_xLights4mtuk/usr/lib/libdbus-1.so.3" address="0x7fed29510000" size="0x2000" version="3"/>
    <module path="/tmp/.mount_xLights4mtuk/usr/lib/libdbus-1.so.3" address="0x7fed29513000" size="0x4000" version="3"/>
    <module path="/tmp/.mount_xLights4mtuk/usr/lib/libcap.so.2" address="0x7fed2951b000" size="0x200000" version="2"/>
    <module path="/tmp/.mount_xLights4mtuk/usr/lib/libcap.so.2" address="0x7fed2971c000" size="0x1000" version="2"/>
    <module path="/tmp/.mount_xLights4mtuk/usr/lib/libpulsecommon-10.0.so" address="0x7fed2971e000" size="0x80000" version="10.0"/>
    <module path="/tmp/.mount_xLights4mtuk/usr/lib/libpulsecommon-10.0.so" address="0x7fed2999e000" size="0x2000" version="10.0"/>
    <module path="/tmp/.mount_xLights4mtuk/usr/lib/libpulsecommon-10.0.so" address="0x7fed299a1000" size="0x6000" version="10.0"/>
    <module path="/tmp/.mount_xLights4mtuk/usr/lib/libgomp.so.1" address="0x7fed299d3000" size="0x1ff000" version="1"/>
    <module path="/tmp/.mount_xLights4mtuk/usr/lib/libgomp.so.1" address="0x7fed29bd3000" size="0x1000" version="1"/>
    <module path="/tmp/.mount_xLights4mtuk/usr/lib/libXfixes.so.3" address="0x7fed29bd7000" size="0x5000" version="3"/>
    <module path="/tmp/.mount_xLights4mtuk/usr/lib/libXfixes.so.3" address="0x7fed29ddb000" size="0x1000" version="3"/>
    <module path="/tmp/.mount_xLights4mtuk/usr/lib/libXfixes.so.3" address="0x7fed29ddd000" size="0x1000" version="3"/>
    <module path="/usr/lib/x86_64-linux-gnu/libdrm.so.2.4.0" address="0x7fed29de0000" size="0x4000" version="2.4.0"/>
    <module path="/usr/lib/x86_64-linux-gnu/libdrm.so.2.4.0" address="0x7fed29dee000" size="0x3000" version="2.4.0"/>
    <module path="/usr/lib/x86_64-linux-gnu/libdrm.so.2.4.0" address="0x7fed29df2000" size="0x1000" version="2.4.0"/>
    <module path="/tmp/.mount_xLights4mtuk/usr/lib/libogg.so.0" address="0x7fed29df4000" size="0x7000" version="0"/>
    <module path="/tmp/.mount_xLights4mtuk/usr/lib/libogg.so.0" address="0x7fed29ffb000" size="0x1000" version="0"/>
    <module path="/tmp/.mount_xLights4mtuk/usr/lib/libogg.so.0" address="0x7fed29ffd000" size="0x1000" version="0"/>
    <module path="/tmp/.mount_xLights4mtuk/usr/lib/libnuma.so.1" address="0x7fed2a008000" size="0x1ff000" version="1"/>
    <module path="/tmp/.mount_xLights4mtuk/usr/lib/libnuma.so.1" address="0x7fed2a208000" size="0x1000" version="1"/>
    <module path="/tmp/.mount_xLights4mtuk/usr/lib/libtasn1.so.6" address="0x7fed2a20a000" size="0x11000" version="6"/>
    <module path="/tmp/.mount_xLights4mtuk/usr/lib/libtasn1.so.6" address="0x7fed2a41b000" size="0x1000" version="6"/>
    <module path="/tmp/.mount_xLights4mtuk/usr/lib/libtasn1.so.6" address="0x7fed2a41d000" size="0x1000" version="6"/>
    <module path="/tmp/.mount_xLights4mtuk/usr/lib/libidn.so.11" address="0x7fed2a420000" size="0x32000" version="11"/>
    <module path="/tmp/.mount_xLights4mtuk/usr/lib/libidn.so.11" address="0x7fed2a652000" size="0x1000" version="11"/>
    <module path="/tmp/.mount_xLights4mtuk/usr/lib/libidn.so.11" address="0x7fed2a654000" size="0x1000" version="11"/>
    <module path="/usr/lib/x86_64-linux-gnu/libp11-kit.so.0.3.0" address="0x7fed2a680000" size="0x99000" version="0.3.0"/>
    <module path="/usr/lib/x86_64-linux-gnu/libp11-kit.so.0.3.0" address="0x7fed2a775000" size="0x1000" version="0.3.0"/>
    <module path="/usr/lib/x86_64-linux-gnu/libp11-kit.so.0.3.0" address="0x7fed2a780000" size="0xa000" version="0.3.0"/>
    <module path="/tmp/.mount_xLights4mtuk/usr/lib/libxml2.so.2" address="0x7fed2a93a000" size="0x200000" version="2"/>
    <module path="/tmp/.mount_xLights4mtuk/usr/lib/libxml2.so.2" address="0x7fed2ab42000" size="0x2000" version="2"/>
    <module path="/tmp/.mount_xLights4mtuk/usr/lib/libxml2.so.2" address="0x7fed2ab45000" size="0xa000" version="2"/>
    <module path="/tmp/.mount_xLights4mtuk/usr/lib/libvorbisfile.so.3" address="0x7fed2ab57000" size="0x1ff000" version="3"/>
    <module path="/tmp/.mount_xLights4mtuk/usr/lib/libvorbisfile.so.3" address="0x7fed2ad57000" size="0x1000" version="3"/>
    <module path="/tmp/.mount_xLights4mtuk/usr/lib/libmpg123.so.0" address="0x7fed2ad59000" size="0x4d000" version="0"/>
    <module path="/tmp/.mount_xLights4mtuk/usr/lib/libmpg123.so.0" address="0x7fed2afa6000" size="0x1000" version="0"/>
    <module path="/tmp/.mount_xLights4mtuk/usr/lib/libmpg123.so.0" address="0x7fed2afb8000" size="0x1000" version="0"/>
    <module path="/tmp/.mount_xLights4mtuk/usr/lib/libsasl2.so.2" address="0x7fed2afbb000" size="0x1a000" version="2"/>
    <module path="/tmp/.mount_xLights4mtuk/usr/lib/libsasl2.so.2" address="0x7fed2b1d4000" size="0x1000" version="2"/>
    <module path="/tmp/.mount_xLights4mtuk/usr/lib/libsasl2.so.2" address="0x7fed2b1d6000" size="0x1000" version="2"/>
    <module path="/usr/lib/x86_64-linux-gnu/libresolv-2.30.so" address="0x7fed2b1db000" size="0xf000" version="2.30"/>
    <module path="/usr/lib/x86_64-linux-gnu/libresolv-2.30.so" address="0x7fed2b1ed000" size="0x1000" version="2.30"/>
    <module path="/usr/lib/x86_64-linux-gnu/libresolv-2.30.so" address="0x7fed2b1ef000" size="0x1000" version="2.30"/>
    <module path="/tmp/.mount_xLights4mtuk/usr/lib/libkeyutils.so.1" address="0x7fed2b1f2000" size="0x3000" version="1"/>
    <module path="/tmp/.mount_xLights4mtuk/usr/lib/libkeyutils.so.1" address="0x7fed2b3f4000" size="0x1000" version="1"/>
    <module path="/tmp/.mount_xLights4mtuk/usr/lib/libkeyutils.so.1" address="0x7fed2b3f6000" size="0x1000" version="1"/>
    <module path="/tmp/.mount_xLights4mtuk/usr/lib/libkrb5support.so.0" address="0x7fed2b402000" size="0x1ff000" version="0"/>
    <module path="/tmp/.mount_xLights4mtuk/usr/lib/libkrb5support.so.0" address="0x7fed2b602000" size="0x1000" version="0"/>
    <module path="/tmp/.mount_xLights4mtuk/usr/lib/libgcrypt.so.20" address="0x7fed2b604000" size="0x107000" version="20"/>
    <module path="/tmp/.mount_xLights4mtuk/usr/lib/libgcrypt.so.20" address="0x7fed2b90b000" size="0x2000" version="20"/>
    <module path="/tmp/.mount_xLights4mtuk/usr/lib/libgcrypt.so.20" address="0x7fed2b914000" size="0x2000" version="20"/>
    <module path="/tmp/.mount_xLights4mtuk/usr/lib/libgmp.so.10" address="0x7fed2b918000" size="0x81000" version="10"/>
    <module path="/tmp/.mount_xLights4mtuk/usr/lib/libgmp.so.10" address="0x7fed2bb99000" size="0x1000" version="10"/>
    <module path="/tmp/.mount_xLights4mtuk/usr/lib/libgmp.so.10" address="0x7fed2bb9b000" size="0x3000" version="10"/>
    <module path="/tmp/.mount_xLights4mtuk/usr/lib/libnettle.so.6" address="0x7fed2bbd3000" size="0x1ff000" version="6"/>
    <module path="/tmp/.mount_xLights4mtuk/usr/lib/libnettle.so.6" address="0x7fed2bdd4000" size="0x1000" version="6"/>
    <module path="/tmp/.mount_xLights4mtuk/usr/lib/libhogweed.so.4" address="0x7fed2bdd8000" size="0x33000" version="4"/>
    <module path="/tmp/.mount_xLights4mtuk/usr/lib/libhogweed.so.4" address="0x7fed2c00b000" size="0x1000" version="4"/>
    <module path="/tmp/.mount_xLights4mtuk/usr/lib/libhogweed.so.4" address="0x7fed2c00d000" size="0x3000" version="4"/>
    <module path="/tmp/.mount_xLights4mtuk/usr/lib/libunistring.so.0" address="0x7fed2c123000" size="0x1ff000" version="0"/>
    <module path="/tmp/.mount_xLights4mtuk/usr/lib/libunistring.so.0" address="0x7fed2c325000" size="0x1000" version="0"/>
    <module path="/tmp/.mount_xLights4mtuk/usr/lib/libunistring.so.0" address="0x7fed2c327000" size="0x4000" version="0"/>
    <module path="/usr/lib/x86_64-linux-gnu/libXdmcp.so.6.0.0" address="0x7fed2c32d000" size="0x2000" version="6.0.0"/>
    <module path="/usr/lib/x86_64-linux-gnu/libXdmcp.so.6.0.0" address="0x7fed2c331000" size="0x1000" version="6.0.0"/>
    <module path="/usr/lib/x86_64-linux-gnu/libXau.so.6.0.0" address="0x7fed2c335000" size="0x1000" version="6.0.0"/>
    <module path="/usr/lib/x86_64-linux-gnu/libXau.so.6.0.0" address="0x7fed2c338000" size="0x1000" version="6.0.0"/>
    <module path="/usr/lib/x86_64-linux-gnu/libXau.so.6.0.0" address="0x7fed2c33a000" size="0x1000" version="6.0.0"/>
    <module path="/usr/lib/x86_64-linux-gnu/libpcre.so.3.13.3" address="0x7fed2c33d000" size="0x52000" version="3.13.3"/>
    <module path="/usr/lib/x86_64-linux-gnu/libpcre.so.3.13.3" address="0x7fed2c3ad000" size="0x1000" version="3.13.3"/>
    <module path="/usr/lib/x86_64-linux-gnu/libffi.so.6.0.4" address="0x7fed2c3af000" size="0x2000" version="6.0.4"/>
    <module path="/usr/lib/x86_64-linux-gnu/libffi.so.6.0.4" address="0x7fed2c3b6000" size="0x1000" version="6.0.4"/>
    <module path="/usr/lib/x86_64-linux-gnu/libffi.so.6.0.4" address="0x7fed2c3b8000" size="0x1000" version="6.0.4"/>
    <module path="/tmp/.mount_xLights4mtuk/usr/lib/libgmodule-2.0.so.0" address="0x7fed2c3bc000" size="0x1ff000" version="0"/>
    <module path="/tmp/.mount_xLights4mtuk/usr/lib/libgmodule-2.0.so.0" address="0x7fed2c5bc000" size="0x1000" version="0"/>
    <module path="/tmp/.mount_xLights4mtuk/usr/lib/liborc-0.4.so.0" address="0x7fed2c5be000" size="0x79000" version="0"/>
    <module path="/tmp/.mount_xLights4mtuk/usr/lib/liborc-0.4.so.0" address="0x7fed2c836000" size="0x2000" version="0"/>
    <module path="/tmp/.mount_xLights4mtuk/usr/lib/liborc-0.4.so.0" address="0x7fed2c83c000" size="0x3000" version="0"/>
    <module path="/tmp/.mount_xLights4mtuk/usr/lib/libpng16.so.16" address="0x7fed2c841000" size="0x31000" version="16"/>
    <module path="/tmp/.mount_xLights4mtuk/usr/lib/libpng16.so.16" address="0x7fed2ca72000" size="0x1000" version="16"/>
    <module path="/tmp/.mount_xLights4mtuk/usr/lib/libpng16.so.16" address="0x7fed2ca74000" size="0x2000" version="16"/>
    <module path="/usr/lib/x86_64-linux-gnu/libSM.so.6.0.1" address="0x7fed2ca78000" size="0x5000" version="6.0.1"/>
    <module path="/usr/lib/x86_64-linux-gnu/libSM.so.6.0.1" address="0x7fed2ca7f000" size="0x1000" version="6.0.1"/>
    <module path="/tmp/.mount_xLights4mtuk/usr/lib/libgthread-2.0.so.0" address="0x7fed2ca81000" size="0x1000" version="0"/>
    <module path="/tmp/.mount_xLights4mtuk/usr/lib/libgthread-2.0.so.0" address="0x7fed2cc81000" size="0x1000" version="0"/>
    <module path="/tmp/.mount_xLights4mtuk/usr/lib/libgthread-2.0.so.0" address="0x7fed2cc83000" size="0x1000" version="0"/>
    <module path="/usr/lib/x86_64-linux-gnu/libfreetype.so.6.16.1" address="0x7fed2cc86000" size="0xc000" version="6.16.1"/>
    <module path="/usr/lib/x86_64-linux-gnu/libfreetype.so.6.16.1" address="0x7fed2cd0f000" size="0x2a000" version="6.16.1"/>
    <module path="/usr/lib/x86_64-linux-gnu/libfreetype.so.6.16.1" address="0x7fed2cd40000" size="0x1000" version="6.16.1"/>
    <module path="/usr/lib/x86_64-linux-gnu/libfontconfig.so.1.12.0" address="0x7fed2cd48000" size="0x24000" version="1.12.0"/>
    <module path="/usr/lib/x86_64-linux-gnu/libfontconfig.so.1.12.0" address="0x7fed2cd84000" size="0x2000" version="1.12.0"/>
    <module path="/usr/lib/x86_64-linux-gnu/libpango-1.0.so.0.4200.3" address="0x7fed2cd87000" size="0xd000" version="0.4200.3"/>
    <module path="/usr/lib/x86_64-linux-gnu/libpango-1.0.so.0.4200.3" address="0x7fed2cdb8000" size="0x16000" version="0.4200.3"/>
    <module path="/usr/lib/x86_64-linux-gnu/libpango-1.0.so.0.4200.3" address="0x7fed2cdcf000" size="0x3000" version="0.4200.3"/>
    <module path="/usr/lib/x86_64-linux-gnu/libpangoft2-1.0.so.0.4200.3" address="0x7fed2cdd3000" size="0x7000" version="0.4200.3"/>
    <module path="/usr/lib/x86_64-linux-gnu/libpangoft2-1.0.so.0.4200.3" address="0x7fed2cde6000" size="0x4000" version="0.4200.3"/>
    <module path="/usr/lib/x86_64-linux-gnu/libpangoft2-1.0.so.0.4200.3" address="0x7fed2cdeb000" size="0x1000" version="0.4200.3"/>
    <module path="/usr/lib/x86_64-linux-gnu/libgio-2.0.so.0.6200.1" address="0x7fed2cded000" size="0x37000" version="0.6200.1"/>
    <module path="/usr/lib/x86_64-linux-gnu/libgio-2.0.so.0.6200.1" address="0x7fed2cf34000" size="0x88000" version="0.6200.1"/>
    <module path="/usr/lib/x86_64-linux-gnu/libgio-2.0.so.0.6200.1" address="0x7fed2cfbd000" size="0x8000" version="0.6200.1"/>
    <module path="/usr/lib/x86_64-linux-gnu/libgdk_pixbuf-2.0.so.0.4000.0" address="0x7fed2cfc8000" size="0x6000" version="0.4000.0"/>
    <module path="/usr/lib/x86_64-linux-gnu/libgdk_pixbuf-2.0.so.0.4000.0" address="0x7fed2cfe5000" size="0x9000" version="0.4000.0"/>
    <module path="/usr/lib/x86_64-linux-gnu/libgdk_pixbuf-2.0.so.0.4000.0" address="0x7fed2cfef000" size="0x1000" version="0.4000.0"/>
    <module path="/tmp/.mount_xLights4mtuk/usr/lib/libcairo.so.2" address="0x7fed2cff2000" size="0x10e000" version="2"/>
    <module path="/tmp/.mount_xLights4mtuk/usr/lib/libcairo.so.2" address="0x7fed2d300000" size="0x3000" version="2"/>
    <module path="/tmp/.mount_xLights4mtuk/usr/lib/libcairo.so.2" address="0x7fed2d306000" size="0x5000" version="2"/>
    <module path="/tmp/.mount_xLights4mtuk/usr/lib/libatk-1.0.so.0" address="0x7fed2d32e000" size="0x1ff000" version="0"/>
    <module path="/tmp/.mount_xLights4mtuk/usr/lib/libatk-1.0.so.0" address="0x7fed2d530000" size="0x1000" version="0"/>
    <module path="/usr/lib/x86_64-linux-gnu/libpangocairo-1.0.so.0.4200.3" address="0x7fed2d534000" size="0x5000" version="0.4200.3"/>
    <module path="/usr/lib/x86_64-linux-gnu/libpangocairo-1.0.so.0.4200.3" address="0x7fed2d540000" size="0x3000" version="0.4200.3"/>
    <module path="/usr/lib/x86_64-linux-gnu/libpangocairo-1.0.so.0.4200.3" address="0x7fed2d544000" size="0x1000" version="0.4200.3"/>
    <module path="/tmp/.mount_xLights4mtuk/usr/lib/libgdk-x11-2.0.so.0" address="0x7fed2d5f5000" size="0x1ff000" version="0"/>
    <module path="/tmp/.mount_xLights4mtuk/usr/lib/libgdk-x11-2.0.so.0" address="0x7fed2d7f8000" size="0x2000" version="0"/>
    <module path="/tmp/.mount_xLights4mtuk/usr/lib/libgtk-x11-2.0.so.0" address="0x7fed2d802000" size="0x43c000" version="0"/>
    <module path="/tmp/.mount_xLights4mtuk/usr/lib/libgtk-x11-2.0.so.0" address="0x7fed2de3d000" size="0x7000" version="0"/>
    <module path="/tmp/.mount_xLights4mtuk/usr/lib/libgtk-x11-2.0.so.0" address="0x7fed2de4b000" size="0x25000" version="0"/>
    <module path="/usr/lib/x86_64-linux-gnu/librt-2.30.so" address="0x7fed2de72000" size="0x3000" version="2.30"/>
    <module path="/usr/lib/x86_64-linux-gnu/librt-2.30.so" address="0x7fed2de79000" size="0x2000" version="2.30"/>
    <module path="/usr/lib/x86_64-linux-gnu/librt-2.30.so" address="0x7fed2de7c000" size="0x1000" version="2.30"/>
    <module path="/tmp/.mount_xLights4mtuk/usr/lib/libxkbcommon.so.0" address="0x7fed2debb000" size="0x1ff000" version="0"/>
    <module path="/tmp/.mount_xLights4mtuk/usr/lib/libxkbcommon.so.0" address="0x7fed2e0bc000" size="0x1000" version="0"/>
    <module path="/tmp/.mount_xLights4mtuk/usr/lib/libwayland-cursor.so.0" address="0x7fed2e0be000" size="0x4000" version="0"/>
    <module path="/tmp/.mount_xLights4mtuk/usr/lib/libwayland-cursor.so.0" address="0x7fed2e2c1000" size="0x1000" version="0"/>
    <module path="/tmp/.mount_xLights4mtuk/usr/lib/libwayland-cursor.so.0" address="0x7fed2e2c6000" size="0x1000" version="0"/>
    <module path="/tmp/.mount_xLights4mtuk/usr/lib/libwayland-client.so.0" address="0x7fed2e2d4000" size="0x1ff000" version="0"/>
    <module path="/tmp/.mount_xLights4mtuk/usr/lib/libwayland-client.so.0" address="0x7fed2e4d5000" size="0x1000" version="0"/>
    <module path="/tmp/.mount_xLights4mtuk/usr/lib/libwayland-egl.so.1" address="0x7fed2e4d7000" size="0x1000" version="1"/>
    <module path="/tmp/.mount_xLights4mtuk/usr/lib/libwayland-egl.so.1" address="0x7fed2e6d7000" size="0x1000" version="1"/>
    <module path="/tmp/.mount_xLights4mtuk/usr/lib/libwayland-egl.so.1" address="0x7fed2e6d9000" size="0x1000" version="1"/>
    <module path="/tmp/.mount_xLights4mtuk/usr/lib/libXss.so.1" address="0x7fed2e6dc000" size="0x200000" version="1"/>
    <module path="/tmp/.mount_xLights4mtuk/usr/lib/libXss.so.1" address="0x7fed2e8dd000" size="0x1000" version="1"/>
    <module path="/tmp/.mount_xLights4mtuk/usr/lib/libXrandr.so.2" address="0x7fed2e8e0000" size="0xa000" version="2"/>
    <module path="/tmp/.mount_xLights4mtuk/usr/lib/libXrandr.so.2" address="0x7fed2eae9000" size="0x1000" version="2"/>
    <module path="/tmp/.mount_xLights4mtuk/usr/lib/libXrandr.so.2" address="0x7fed2eaeb000" size="0x1000" version="2"/>
    <module path="/tmp/.mount_xLights4mtuk/usr/lib/libXinerama.so.1" address="0x7fed2eaee000" size="0x1ff000" version="1"/>
    <module path="/tmp/.mount_xLights4mtuk/usr/lib/libXinerama.so.1" address="0x7fed2ecee000" size="0x1000" version="1"/>
    <module path="/tmp/.mount_xLights4mtuk/usr/lib/libXcursor.so.1" address="0x7fed2ecf0000" size="0xa000" version="1"/>
    <module path="/tmp/.mount_xLights4mtuk/usr/lib/libXcursor.so.1" address="0x7fed2eef9000" size="0x1000" version="1"/>
    <module path="/tmp/.mount_xLights4mtuk/usr/lib/libXcursor.so.1" address="0x7fed2eefb000" size="0x1000" version="1"/>
    <module path="/tmp/.mount_xLights4mtuk/usr/lib/libsndio.so.6.1" address="0x7fed2ef09000" size="0x1ff000" version="6.1"/>
    <module path="/tmp/.mount_xLights4mtuk/usr/lib/libsndio.so.6.1" address="0x7fed2f109000" size="0x1000" version="6.1"/>
    <module path="/tmp/.mount_xLights4mtuk/usr/lib/libsndio.so.6.1" address="0x7fed2f10c000" size="0x1000" version="6.1"/>
    <module path="/tmp/.mount_xLights4mtuk/usr/lib/libpulse.so.0" address="0x7fed2f15b000" size="0x200000" version="0"/>
    <module path="/tmp/.mount_xLights4mtuk/usr/lib/libpulse.so.0" address="0x7fed2f35d000" size="0x1000" version="0"/>
    <module path="/tmp/.mount_xLights4mtuk/usr/lib/libpulse-simple.so.0" address="0x7fed2f361000" size="0x200000" version="0"/>
    <module path="/tmp/.mount_xLights4mtuk/usr/lib/libpulse-simple.so.0" address="0x7fed2f562000" size="0x1000" version="0"/>
    <module path="/usr/lib/x86_64-linux-gnu/libasound.so.2.0.0" address="0x7fed2f565000" size="0x2a000" version="2.0.0"/>
    <module path="/usr/lib/x86_64-linux-gnu/libasound.so.2.0.0" address="0x7fed2f621000" size="0x3b000" version="2.0.0"/>
    <module path="/usr/lib/x86_64-linux-gnu/libasound.so.2.0.0" address="0x7fed2f663000" size="0x1000" version="2.0.0"/>
    <module path="/tmp/.mount_xLights4mtuk/usr/lib/libsoxr.so.0" address="0x7fed2f68f000" size="0x200000" version="0"/>
    <module path="/tmp/.mount_xLights4mtuk/usr/lib/libsoxr.so.0" address="0x7fed2f891000" size="0x1000" version="0"/>
    <module path="/tmp/.mount_xLights4mtuk/usr/lib/libsoxr.so.0" address="0x7fed2f8c7000" size="0x1000" version="0"/>
    <module path="/tmp/.mount_xLights4mtuk/usr/lib/libva-x11.so.1" address="0x7fed2f8cd000" size="0x1ff000" version="1"/>
    <module path="/tmp/.mount_xLights4mtuk/usr/lib/libva-x11.so.1" address="0x7fed2facd000" size="0x1000" version="1"/>
    <module path="/tmp/.mount_xLights4mtuk/usr/lib/libva-drm.so.1" address="0x7fed2facf000" size="0x2000" version="1"/>
    <module path="/tmp/.mount_xLights4mtuk/usr/lib/libva-drm.so.1" address="0x7fed2fcd0000" size="0x1000" version="1"/>
    <module path="/tmp/.mount_xLights4mtuk/usr/lib/libva-drm.so.1" address="0x7fed2fcd2000" size="0x1000" version="1"/>
    <module path="/tmp/.mount_xLights4mtuk/usr/lib/libvdpau.so.1" address="0x7fed2fcd6000" size="0x1ff000" version="1"/>
    <module path="/tmp/.mount_xLights4mtuk/usr/lib/libvdpau.so.1" address="0x7fed2fed6000" size="0x1000" version="1"/>
    <module path="/tmp/.mount_xLights4mtuk/usr/lib/liblzma.so.5" address="0x7fed2feda000" size="0x25000" version="5"/>
    <module path="/tmp/.mount_xLights4mtuk/usr/lib/liblzma.so.5" address="0x7fed300fe000" size="0x1000" version="5"/>
    <module path="/tmp/.mount_xLights4mtuk/usr/lib/liblzma.so.5" address="0x7fed30100000" size="0x1000" version="5"/>
    <module path="/tmp/.mount_xLights4mtuk/usr/lib/libcrystalhd.so.3" address="0x7fed3011b000" size="0x1ff000" version="3"/>
    <module path="/tmp/.mount_xLights4mtuk/usr/lib/libcrystalhd.so.3" address="0x7fed3031b000" size="0x1000" version="3"/>
    <module path="/tmp/.mount_xLights4mtuk/usr/lib/libgsm.so.1" address="0x7fed3031e000" size="0xc000" version="1"/>
    <module path="/tmp/.mount_xLights4mtuk/usr/lib/libgsm.so.1" address="0x7fed30529000" size="0x1000" version="1"/>
    <module path="/tmp/.mount_xLights4mtuk/usr/lib/libgsm.so.1" address="0x7fed3052b000" size="0x1000" version="1"/>
    <module path="/tmp/.mount_xLights4mtuk/usr/lib/libmp3lame.so.0" address="0x7fed30573000" size="0x200000" version="0"/>
    <module path="/tmp/.mount_xLights4mtuk/usr/lib/libmp3lame.so.0" address="0x7fed30774000" size="0x1000" version="0"/>
    <module path="/tmp/.mount_xLights4mtuk/usr/lib/libmp3lame.so.0" address="0x7fed307a3000" size="0x3000" version="0"/>
    <module path="/tmp/.mount_xLights4mtuk/usr/lib/libopenjp2.so.7" address="0x7fed307e0000" size="0x1ff000" version="7"/>
    <module path="/tmp/.mount_xLights4mtuk/usr/lib/libopenjp2.so.7" address="0x7fed309e0000" size="0x1000" version="7"/>
    <module path="/tmp/.mount_xLights4mtuk/usr/lib/libopus.so.0" address="0x7fed309e2000" size="0x4e000" version="0"/>
    <module path="/tmp/.mount_xLights4mtuk/usr/lib/libopus.so.0" address="0x7fed30c2f000" size="0x1000" version="0"/>
    <module path="/tmp/.mount_xLights4mtuk/usr/lib/libopus.so.0" address="0x7fed30c31000" size="0x1000" version="0"/>
    <module path="/tmp/.mount_xLights4mtuk/usr/lib/libshine.so.3" address="0x7fed30c34000" size="0xc000" version="3"/>
    <module path="/tmp/.mount_xLights4mtuk/usr/lib/libshine.so.3" address="0x7fed30e3f000" size="0x1000" version="3"/>
    <module path="/tmp/.mount_xLights4mtuk/usr/lib/libshine.so.3" address="0x7fed30e41000" size="0x1000" version="3"/>
    <module path="/tmp/.mount_xLights4mtuk/usr/lib/libsnappy.so.1" address="0x7fed30e49000" size="0x1ff000" version="1"/>
    <module path="/tmp/.mount_xLights4mtuk/usr/lib/libsnappy.so.1" address="0x7fed31049000" size="0x1000" version="1"/>
    <module path="/tmp/.mount_xLights4mtuk/usr/lib/libspeex.so.1" address="0x7fed3104c000" size="0x17000" version="1"/>
    <module path="/tmp/.mount_xLights4mtuk/usr/lib/libspeex.so.1" address="0x7fed31263000" size="0x1000" version="1"/>
    <module path="/tmp/.mount_xLights4mtuk/usr/lib/libspeex.so.1" address="0x7fed31265000" size="0x1000" version="1"/>
    <module path="/tmp/.mount_xLights4mtuk/usr/lib/libtheoradec.so.1" address="0x7fed31283000" size="0x1ff000" version="1"/>
    <module path="/tmp/.mount_xLights4mtuk/usr/lib/libtheoradec.so.1" address="0x7fed31483000" size="0x1000" version="1"/>
    <module path="/tmp/.mount_xLights4mtuk/usr/lib/libtheoraenc.so.1" address="0x7fed31485000" size="0x3e000" version="1"/>
    <module path="/tmp/.mount_xLights4mtuk/usr/lib/libtheoraenc.so.1" address="0x7fed316c2000" size="0x1000" version="1"/>
    <module path="/tmp/.mount_xLights4mtuk/usr/lib/libtheoraenc.so.1" address="0x7fed316c4000" size="0x1000" version="1"/>
    <module path="/tmp/.mount_xLights4mtuk/usr/lib/libtwolame.so.0" address="0x7fed316e3000" size="0x1ff000" version="0"/>
    <module path="/tmp/.mount_xLights4mtuk/usr/lib/libtwolame.so.0" address="0x7fed318e3000" size="0x1000" version="0"/>
    <module path="/tmp/.mount_xLights4mtuk/usr/lib/libtwolame.so.0" address="0x7fed318e8000" size="0x1000" version="0"/>
    <module path="/tmp/.mount_xLights4mtuk/usr/lib/libvorbis.so.0" address="0x7fed318eb000" size="0x2a000" version="0"/>
    <module path="/tmp/.mount_xLights4mtuk/usr/lib/libvorbis.so.0" address="0x7fed31b15000" size="0x1000" version="0"/>
    <module path="/tmp/.mount_xLights4mtuk/usr/lib/libvorbis.so.0" address="0x7fed31b17000" size="0x1000" version="0"/>
    <module path="/tmp/.mount_xLights4mtuk/usr/lib/libvorbisenc.so.2" address="0x7fed31ba5000" size="0x1ff000" version="2"/>
    <module path="/tmp/.mount_xLights4mtuk/usr/lib/libvorbisenc.so.2" address="0x7fed31dc0000" size="0x1000" version="2"/>
    <module path="/tmp/.mount_xLights4mtuk/usr/lib/libvpx.so.4" address="0x7fed31dc2000" size="0x239000" version="4"/>
    <module path="/tmp/.mount_xLights4mtuk/usr/lib/libvpx.so.4" address="0x7fed321fa000" size="0x2000" version="4"/>
    <module path="/tmp/.mount_xLights4mtuk/usr/lib/libvpx.so.4" address="0x7fed321ff000" size="0x1000" version="4"/>
    <module path="/tmp/.mount_xLights4mtuk/usr/lib/libwavpack.so.1" address="0x7fed3222a000" size="0x1ff000" version="1"/>
    <module path="/tmp/.mount_xLights4mtuk/usr/lib/libwavpack.so.1" address="0x7fed3242a000" size="0x1000" version="1"/>
    <module path="/tmp/.mount_xLights4mtuk/usr/lib/libwebp.so.6" address="0x7fed3242c000" size="0x5e000" version="6"/>
    <module path="/tmp/.mount_xLights4mtuk/usr/lib/libwebp.so.6" address="0x7fed3268a000" size="0x1000" version="6"/>
    <module path="/tmp/.mount_xLights4mtuk/usr/lib/libwebp.so.6" address="0x7fed3268d000" size="0x1000" version="6"/>
    <module path="/tmp/.mount_xLights4mtuk/usr/lib/libwebpmux.so.2" address="0x7fed32697000" size="0x1ff000" version="2"/>
    <module path="/tmp/.mount_xLights4mtuk/usr/lib/libwebpmux.so.2" address="0x7fed32897000" size="0x1000" version="2"/>
    <module path="/tmp/.mount_xLights4mtuk/usr/lib/libx264.so.148" address="0x7fed3289b000" size="0x126000" version="148"/>
    <module path="/tmp/.mount_xLights4mtuk/usr/lib/libx264.so.148" address="0x7fed32bc0000" size="0x1000" version="148"/>
    <module path="/tmp/.mount_xLights4mtuk/usr/lib/libx264.so.148" address="0x7fed32c3d000" size="0x3000" version="148"/>
    <module path="/tmp/.mount_xLights4mtuk/usr/lib/libx265.so.95" address="0x7fed33663000" size="0x200000" version="95"/>
    <module path="/tmp/.mount_xLights4mtuk/usr/lib/libx265.so.95" address="0x7fed33866000" size="0x3000" version="95"/>
    <module path="/tmp/.mount_xLights4mtuk/usr/lib/libx265.so.95" address="0x7fed33874000" size="0x63000" version="95"/>
    <module path="/tmp/.mount_xLights4mtuk/usr/lib/libxvidcore.so.4" address="0x7fed33975000" size="0x1ff000" version="4"/>
    <module path="/tmp/.mount_xLights4mtuk/usr/lib/libxvidcore.so.4" address="0x7fed33b75000" size="0xa000" version="4"/>
    <module path="/tmp/.mount_xLights4mtuk/usr/lib/libxvidcore.so.4" address="0x7fed33be8000" size="0x1000" version="4"/>
    <module path="/tmp/.mount_xLights4mtuk/usr/lib/libzvbi.so.0" address="0x7fed33c61000" size="0x200000" version="0"/>
    <module path="/tmp/.mount_xLights4mtuk/usr/lib/libzvbi.so.0" address="0x7fed33e6a000" size="0xc000" version="0"/>
    <module path="/tmp/.mount_xLights4mtuk/usr/lib/libva.so.1" address="0x7fed33e79000" size="0x1e000" version="1"/>
    <module path="/tmp/.mount_xLights4mtuk/usr/lib/libva.so.1" address="0x7fed34097000" size="0x1000" version="1"/>
    <module path="/tmp/.mount_xLights4mtuk/usr/lib/libva.so.1" address="0x7fed34099000" size="0x1000" version="1"/>
    <module path="/tmp/.mount_xLights4mtuk/usr/lib/libbz2.so.1.0" address="0x7fed340a9000" size="0x1ff000" version="1.0"/>
    <module path="/tmp/.mount_xLights4mtuk/usr/lib/libbz2.so.1.0" address="0x7fed342a9000" size="0x1000" version="1.0"/>
    <module path="/tmp/.mount_xLights4mtuk/usr/lib/libchromaprint.so.1" address="0x7fed342ad000" size="0x13000" version="1"/>
    <module path="/tmp/.mount_xLights4mtuk/usr/lib/libchromaprint.so.1" address="0x7fed344bf000" size="0x1000" version="1"/>
    <module path="/tmp/.mount_xLights4mtuk/usr/lib/libchromaprint.so.1" address="0x7fed344c1000" size="0x1000" version="1"/>
    <module path="/tmp/.mount_xLights4mtuk/usr/lib/libgnutls.so.30" address="0x7fed3464c000" size="0x200000" version="30"/>
    <module path="/tmp/.mount_xLights4mtuk/usr/lib/libgnutls.so.30" address="0x7fed34859000" size="0x1000" version="30"/>
    <module path="/tmp/.mount_xLights4mtuk/usr/lib/libgnutls.so.30" address="0x7fed3485b000" size="0xb000" version="30"/>
    <module path="/tmp/.mount_xLights4mtuk/usr/lib/libbluray.so.1" address="0x7fed348ad000" size="0x200000" version="1"/>
    <module path="/tmp/.mount_xLights4mtuk/usr/lib/libbluray.so.1" address="0x7fed34aaf000" size="0x1000" version="1"/>
    <module path="/tmp/.mount_xLights4mtuk/usr/lib/libgme.so.0" address="0x7fed34ab1000" size="0x4a000" version="0"/>
    <module path="/tmp/.mount_xLights4mtuk/usr/lib/libgme.so.0" address="0x7fed34cfa000" size="0x3000" version="0"/>
    <module path="/tmp/.mount_xLights4mtuk/usr/lib/libgme.so.0" address="0x7fed34cfe000" size="0x1000" version="0"/>
    <module path="/tmp/.mount_xLights4mtuk/usr/lib/libopenmpt.so.0" address="0x7fed34e37000" size="0x200000" version="0"/>
    <module path="/tmp/.mount_xLights4mtuk/usr/lib/libopenmpt.so.0" address="0x7fed3503b000" size="0x1000" version="0"/>
    <module path="/tmp/.mount_xLights4mtuk/usr/lib/libopenmpt.so.0" address="0x7fed3508e000" size="0x6000" version="0"/>
    <module path="/tmp/.mount_xLights4mtuk/usr/lib/libssh-gcrypt.so.4" address="0x7fed35101000" size="0x200000" version="4"/>
    <module path="/tmp/.mount_xLights4mtuk/usr/lib/libssh-gcrypt.so.4" address="0x7fed35302000" size="0x1000" version="4"/>
    <module path="/tmp/.mount_xLights4mtuk/usr/lib/libldap_r-2.4.so.2" address="0x7fed35308000" size="0x4d000" version="2"/>
    <module path="/tmp/.mount_xLights4mtuk/usr/lib/libldap_r-2.4.so.2" address="0x7fed35554000" size="0x2000" version="2"/>
    <module path="/tmp/.mount_xLights4mtuk/usr/lib/libldap_r-2.4.so.2" address="0x7fed35559000" size="0x4000" version="2"/>
    <module path="/tmp/.mount_xLights4mtuk/usr/lib/liblber-2.4.so.2" address="0x7fed3556a000" size="0x200000" version="2"/>
    <module path="/tmp/.mount_xLights4mtuk/usr/lib/liblber-2.4.so.2" address="0x7fed3576b000" size="0x1000" version="2"/>
    <module path="/usr/lib/x86_64-linux-gnu/libcom_err.so.2.1" address="0x7fed3576d000" size="0x2000" version="2.1"/>
    <module path="/usr/lib/x86_64-linux-gnu/libcom_err.so.2.1" address="0x7fed35771000" size="0x1000" version="2.1"/>
    <module path="/usr/lib/x86_64-linux-gnu/libcom_err.so.2.1" address="0x7fed35773000" size="0x1000" version="2.1"/>
    <module path="/tmp/.mount_xLights4mtuk/usr/lib/libk5crypto.so.3" address="0x7fed357a3000" size="0x200000" version="3"/>
    <module path="/tmp/.mount_xLights4mtuk/usr/lib/libk5crypto.so.3" address="0x7fed359a5000" size="0x1000" version="3"/>
    <module path="/tmp/.mount_xLights4mtuk/usr/lib/libk5crypto.so.3" address="0x7fed359a7000" size="0x1000" version="3"/>
    <module path="/tmp/.mount_xLights4mtuk/usr/lib/libkrb5.so.3" address="0x7fed35a71000" size="0x200000" version="3"/>
    <module path="/tmp/.mount_xLights4mtuk/usr/lib/libkrb5.so.3" address="0x7fed35c7f000" size="0x3000" version="3"/>
    <module path="/tmp/.mount_xLights4mtuk/usr/lib/libgssapi_krb5.so.2" address="0x7fed35c87000" size="0x48000" version="2"/>
    <module path="/tmp/.mount_xLights4mtuk/usr/lib/libgssapi_krb5.so.2" address="0x7fed35ece000" size="0x2000" version="2"/>
    <module path="/tmp/.mount_xLights4mtuk/usr/lib/libgssapi_krb5.so.2" address="0x7fed35ed2000" size="0x3000" version="2"/>
    <module path="/tmp/.mount_xLights4mtuk/usr/lib/libcrypto.so.1.0.2" address="0x7fed35ed7000" size="0x237000" version="1.0.2"/>
    <module path="/tmp/.mount_xLights4mtuk/usr/lib/libcrypto.so.1.0.2" address="0x7fed3630e000" size="0x1c000" version="1.0.2"/>
    <module path="/tmp/.mount_xLights4mtuk/usr/lib/libcrypto.so.1.0.2" address="0x7fed3633d000" size="0x12000" version="1.0.2"/>
    <module path="/tmp/.mount_xLights4mtuk/usr/lib/libssl.so.1.0.2" address="0x7fed363ae000" size="0x200000" version="1.0.2"/>
    <module path="/tmp/.mount_xLights4mtuk/usr/lib/libssl.so.1.0.2" address="0x7fed365b2000" size="0x6000" version="1.0.2"/>
    <module path="/tmp/.mount_xLights4mtuk/usr/lib/libpsl.so.5" address="0x7fed365bc000" size="0xc000" version="5"/>
    <module path="/tmp/.mount_xLights4mtuk/usr/lib/libpsl.so.5" address="0x7fed367c8000" size="0x1000" version="5"/>
    <module path="/tmp/.mount_xLights4mtuk/usr/lib/libpsl.so.5" address="0x7fed367ca000" size="0x1000" version="5"/>
    <module path="/tmp/.mount_xLights4mtuk/usr/lib/libssh2.so.1" address="0x7fed367f7000" size="0x1ff000" version="1"/>
    <module path="/tmp/.mount_xLights4mtuk/usr/lib/libssh2.so.1" address="0x7fed369f7000" size="0x1000" version="1"/>
    <module path="/tmp/.mount_xLights4mtuk/usr/lib/librtmp.so.1" address="0x7fed369fa000" size="0x1b000" version="1"/>
    <module path="/tmp/.mount_xLights4mtuk/usr/lib/librtmp.so.1" address="0x7fed36c15000" size="0x1000" version="1"/>
    <module path="/tmp/.mount_xLights4mtuk/usr/lib/librtmp.so.1" address="0x7fed36c17000" size="0x2000" version="1"/>
    <module path="/tmp/.mount_xLights4mtuk/usr/lib/libidn2.so.0" address="0x7fed36c3a000" size="0x1ff000" version="0"/>
    <module path="/tmp/.mount_xLights4mtuk/usr/lib/libidn2.so.0" address="0x7fed36e3a000" size="0x1000" version="0"/>
    <module path="/tmp/.mount_xLights4mtuk/usr/lib/libnghttp2.so.14" address="0x7fed36e3d000" size="0x23000" version="14"/>
    <module path="/tmp/.mount_xLights4mtuk/usr/lib/libnghttp2.so.14" address="0x7fed3705f000" size="0x1000" version="14"/>
    <module path="/tmp/.mount_xLights4mtuk/usr/lib/libnghttp2.so.14" address="0x7fed37063000" size="0x2000" version="14"/>
    <module path="/usr/lib/x86_64-linux-gnu/libxcb.so.1.1.0" address="0x7fed37070000" size="0x13000" version="1.1.0"/>
    <module path="/usr/lib/x86_64-linux-gnu/libxcb.so.1.1.0" address="0x7fed3708c000" size="0x1000" version="1.1.0"/>
    <module path="/tmp/.mount_xLights4mtuk/usr/lib/libXxf86vm.so.1" address="0x7fed3708e000" size="0x5000" version="1"/>
    <module path="/tmp/.mount_xLights4mtuk/usr/lib/libXxf86vm.so.1" address="0x7fed37292000" size="0x1000" version="1"/>
    <module path="/tmp/.mount_xLights4mtuk/usr/lib/libXxf86vm.so.1" address="0x7fed37294000" size="0x1000" version="1"/>
    <module path="/tmp/.mount_xLights4mtuk/usr/lib/libXi.so.6" address="0x7fed372a4000" size="0x1ff000" version="6"/>
    <module path="/tmp/.mount_xLights4mtuk/usr/lib/libXi.so.6" address="0x7fed374a4000" size="0x1000" version="6"/>
    <module path="/tmp/.mount_xLights4mtuk/usr/lib/libXext.so.6" address="0x7fed374a6000" size="0x11000" version="6"/>
    <module path="/tmp/.mount_xLights4mtuk/usr/lib/libXext.so.6" address="0x7fed376b6000" size="0x1000" version="6"/>
    <module path="/tmp/.mount_xLights4mtuk/usr/lib/libXext.so.6" address="0x7fed376b8000" size="0x2000" version="6"/>
    <module path="/usr/lib/x86_64-linux-gnu/libGLdispatch.so.0.0.0" address="0x7fed376bc000" size="0x40000" version="0.0.0"/>
    <module path="/usr/lib/x86_64-linux-gnu/libGLdispatch.so.0.0.0" address="0x7fed3771b000" size="0x13000" version="0.0.0"/>
    <module path="/usr/lib/x86_64-linux-gnu/libGLdispatch.so.0.0.0" address="0x7fed3772f000" size="0x29000" version="0.0.0"/>
    <module path="/usr/lib/x86_64-linux-gnu/libGLX.so.0.0.0" address="0x7fed37779000" size="0x3000" version="0.0.0"/>
    <module path="/usr/lib/x86_64-linux-gnu/libGLX.so.0.0.0" address="0x7fed37787000" size="0x3000" version="0.0.0"/>
    <module path="/usr/lib/x86_64-linux-gnu/libGLX.so.0.0.0" address="0x7fed3778b000" size="0x1000" version="0.0.0"/>
    <module path="/usr/lib/x86_64-linux-gnu/libc-2.30.so" address="0x7fed377ad000" size="0x25000" version="2.30"/>
    <module path="/usr/lib/x86_64-linux-gnu/libc-2.30.so" address="0x7fed3794a000" size="0x4a000" version="2.30"/>
    <module path="/usr/lib/x86_64-linux-gnu/libc-2.30.so" address="0x7fed37997000" size="0x3000" version="2.30"/>
    <module path="/usr/lib/x86_64-linux-gnu/libgcc_s.so.1" address="0x7fed3799e000" size="0x3000" version="1"/>
    <module path="/usr/lib/x86_64-linux-gnu/libgcc_s.so.1" address="0x7fed379b2000" size="0x4000" version="1"/>
    <module path="/usr/lib/x86_64-linux-gnu/libgcc_s.so.1" address="0x7fed379b7000" size="0x1000" version="1"/>
    <module path="/usr/lib/x86_64-linux-gnu/libm-2.30.so" address="0x7fed379c7000" size="0xa7000" version="2.30"/>
    <module path="/usr/lib/x86_64-linux-gnu/libm-2.30.so" address="0x7fed37b05000" size="0x1000" version="2.30"/>
    <module path="/usr/lib/x86_64-linux-gnu/libstdc++.so.6.0.28" address="0x7fed37b07000" size="0x96000" version="6.0.28"/>
    <module path="/usr/lib/x86_64-linux-gnu/libstdc++.so.6.0.28" address="0x7fed37c9a000" size="0x4a000" version="6.0.28"/>
    <module path="/usr/lib/x86_64-linux-gnu/libstdc++.so.6.0.28" address="0x7fed37cef000" size="0x3000" version="6.0.28"/>
    <module path="/tmp/.mount_xLights4mtuk/usr/lib/libportmidi.so.0" address="0x7fed37cf7000" size="0x8000" version="0"/>
    <module path="/tmp/.mount_xLights4mtuk/usr/lib/libportmidi.so.0" address="0x7fed37efe000" size="0x1000" version="0"/>
    <module path="/tmp/.mount_xLights4mtuk/usr/lib/libportmidi.so.0" address="0x7fed37f00000" size="0x1000" version="0"/>
    <module path="/tmp/.mount_xLights4mtuk/usr/lib/libporttime.so.0" address="0x7fed37f02000" size="0x200000" version="0"/>
    <module path="/tmp/.mount_xLights4mtuk/usr/lib/libporttime.so.0" address="0x7fed38103000" size="0x1000" version="0"/>
    <module path="/usr/lib/x86_64-linux-gnu/libexpat.so.1.6.9" address="0x7fed38105000" size="0x4000" version="1.6.9"/>
    <module path="/usr/lib/x86_64-linux-gnu/libexpat.so.1.6.9" address="0x7fed38125000" size="0xa000" version="1.6.9"/>
    <module path="/usr/lib/x86_64-linux-gnu/libexpat.so.1.6.9" address="0x7fed38130000" size="0x2000" version="1.6.9"/>
    <module path="/usr/lib/x86_64-linux-gnu/libglib-2.0.so.0.6200.1" address="0x7fed38133000" size="0x1c000" version="0.6200.1"/>
    <module path="/usr/lib/x86_64-linux-gnu/libglib-2.0.so.0.6200.1" address="0x7fed381d2000" size="0x85000" version="0.6200.1"/>
    <module path="/usr/lib/x86_64-linux-gnu/libglib-2.0.so.0.6200.1" address="0x7fed38258000" size="0x1000" version="0.6200.1"/>
    <module path="/usr/lib/x86_64-linux-gnu/libgobject-2.0.so.0.6200.1" address="0x7fed3825b000" size="0xe000" version="0.6200.1"/>
    <module path="/usr/lib/x86_64-linux-gnu/libgobject-2.0.so.0.6200.1" address="0x7fed3829c000" size="0x18000" version="0.6200.1"/>
    <module path="/usr/lib/x86_64-linux-gnu/libgobject-2.0.so.0.6200.1" address="0x7fed382b7000" size="0x1000" version="0.6200.1"/>
    <module path="/tmp/.mount_xLights4mtuk/usr/lib/libgstreamer-1.0.so.0" address="0x7fed383e1000" size="0x1ff000" version="0"/>
    <module path="/tmp/.mount_xLights4mtuk/usr/lib/libgstreamer-1.0.so.0" address="0x7fed385e6000" size="0x3000" version="0"/>
    <module path="/tmp/.mount_xLights4mtuk/usr/lib/libgstreamer-1.0.so.0" address="0x7fed385ea000" size="0xd000" version="0"/>
    <module path="/tmp/.mount_xLights4mtuk/usr/lib/libgstbase-1.0.so.0" address="0x7fed385f9000" size="0x63000" version="0"/>
    <module path="/tmp/.mount_xLights4mtuk/usr/lib/libgstbase-1.0.so.0" address="0x7fed3885b000" size="0x1000" version="0"/>
    <module path="/tmp/.mount_xLights4mtuk/usr/lib/libgstbase-1.0.so.0" address="0x7fed3885d000" size="0x5000" version="0"/>
    <module path="/tmp/.mount_xLights4mtuk/usr/lib/libgstvideo-1.0.so.0" address="0x7fed388e2000" size="0x200000" version="0"/>
    <module path="/tmp/.mount_xLights4mtuk/usr/lib/libgstvideo-1.0.so.0" address="0x7fed38aeb000" size="0x1000" version="0"/>
    <module path="/tmp/.mount_xLights4mtuk/usr/lib/libgstvideo-1.0.so.0" address="0x7fed38aed000" size="0x5000" version="0"/>
    <module path="/tmp/.mount_xLights4mtuk/usr/lib/libwx_baseu-3.1.so.2" address="0x7fed38d5f000" size="0x200000" version="2"/>
    <module path="/tmp/.mount_xLights4mtuk/usr/lib/libwx_baseu-3.1.so.2" address="0x7fed38f6a000" size="0x4000" version="2"/>
    <module path="/tmp/.mount_xLights4mtuk/usr/lib/libwx_baseu-3.1.so.2" address="0x7fed38f74000" size="0x21000" version="2"/>
    <module path="/tmp/.mount_xLights4mtuk/usr/lib/libwx_baseu_net-3.1.so.2" address="0x7fed38fdb000" size="0x200000" version="2"/>
    <module path="/tmp/.mount_xLights4mtuk/usr/lib/libwx_baseu_net-3.1.so.2" address="0x7fed391dd000" size="0x1000" version="2"/>
    <module path="/tmp/.mount_xLights4mtuk/usr/lib/libwx_baseu_net-3.1.so.2" address="0x7fed391df000" size="0x6000" version="2"/>
    <module path="/tmp/.mount_xLights4mtuk/usr/lib/libwx_baseu_xml-3.1.so.2" address="0x7fed391f5000" size="0x1ff000" version="2"/>
    <module path="/tmp/.mount_xLights4mtuk/usr/lib/libwx_baseu_xml-3.1.so.2" address="0x7fed393f5000" size="0x1000" version="2"/>
    <module path="/tmp/.mount_xLights4mtuk/usr/lib/libwx_gtk2u_core-3.1.so.2" address="0x7fed393f8000" size="0x7ce000" version="2"/>
    <module path="/tmp/.mount_xLights4mtuk/usr/lib/libwx_gtk2u_core-3.1.so.2" address="0x7fed39dc5000" size="0x92000" version="2"/>
    <module path="/tmp/.mount_xLights4mtuk/usr/lib/libwx_gtk2u_core-3.1.so.2" address="0x7fed39e71000" size="0x7b000" version="2"/>
    <module path="/tmp/.mount_xLights4mtuk/usr/lib/libwx_gtk2u_qa-3.1.so.2" address="0x7fed39eee000" size="0x2c000" version="2"/>
    <module path="/tmp/.mount_xLights4mtuk/usr/lib/libwx_gtk2u_qa-3.1.so.2" address="0x7fed3a119000" size="0x3000" version="2"/>
    <module path="/tmp/.mount_xLights4mtuk/usr/lib/libwx_gtk2u_qa-3.1.so.2" address="0x7fed3a11d000" size="0x5000" version="2"/>
    <module path="/tmp/.mount_xLights4mtuk/usr/lib/libwx_gtk2u_html-3.1.so.2" address="0x7fed3a1e4000" size="0x1ff000" version="2"/>
    <module path="/tmp/.mount_xLights4mtuk/usr/lib/libwx_gtk2u_html-3.1.so.2" address="0x7fed3a3ee000" size="0x3000" version="2"/>
    <module path="/tmp/.mount_xLights4mtuk/usr/lib/libwx_gtk2u_html-3.1.so.2" address="0x7fed3a3f2000" size="0x10000" version="2"/>
    <module path="/tmp/.mount_xLights4mtuk/usr/lib/libwx_gtk2u_xrc-3.1.so.2" address="0x7fed3a56a000" size="0x200000" version="2"/>
    <module path="/tmp/.mount_xLights4mtuk/usr/lib/libwx_gtk2u_xrc-3.1.so.2" address="0x7fed3a774000" size="0x2000" version="2"/>
    <module path="/tmp/.mount_xLights4mtuk/usr/lib/libwx_gtk2u_xrc-3.1.so.2" address="0x7fed3a779000" size="0x14000" version="2"/>
    <module path="/tmp/.mount_xLights4mtuk/usr/lib/libwx_gtk2u_propgrid-3.1.so.2" address="0x7fed3a872000" size="0x200000" version="2"/>
    <module path="/tmp/.mount_xLights4mtuk/usr/lib/libwx_gtk2u_propgrid-3.1.so.2" address="0x7fed3aa7e000" size="0x2000" version="2"/>
    <module path="/tmp/.mount_xLights4mtuk/usr/lib/libwx_gtk2u_propgrid-3.1.so.2" address="0x7fed3aa82000" size="0x19000" version="2"/>
    <module path="/tmp/.mount_xLights4mtuk/usr/lib/libwx_gtk2u_aui-3.1.so.2" address="0x7fed3ab38000" size="0x200000" version="2"/>
    <module path="/tmp/.mount_xLights4mtuk/usr/lib/libwx_gtk2u_aui-3.1.so.2" address="0x7fed3ad40000" size="0x1000" version="2"/>
    <module path="/tmp/.mount_xLights4mtuk/usr/lib/libwx_gtk2u_aui-3.1.so.2" address="0x7fed3ad43000" size="0xd000" version="2"/>
    <module path="/tmp/.mount_xLights4mtuk/usr/lib/libwx_gtk2u_gl-3.1.so.2" address="0x7fed3ad67000" size="0x1ff000" version="2"/>
    <module path="/tmp/.mount_xLights4mtuk/usr/lib/libwx_gtk2u_gl-3.1.so.2" address="0x7fed3af68000" size="0x1000" version="2"/>
    <module path="/tmp/.mount_xLights4mtuk/usr/lib/libwx_gtk2u_media-3.1.so.2" address="0x7fed3af70000" size="0x1e000" version="2"/>
    <module path="/tmp/.mount_xLights4mtuk/usr/lib/libwx_gtk2u_media-3.1.so.2" address="0x7fed3b18d000" size="0x2000" version="2"/>
    <module path="/tmp/.mount_xLights4mtuk/usr/lib/libwx_gtk2u_media-3.1.so.2" address="0x7fed3b190000" size="0x5000" version="2"/>
    <module path="/tmp/.mount_xLights4mtuk/usr/lib/libSDL2-2.0.so.0" address="0x7fed3b2a4000" size="0x1ff000" version="0"/>
    <module path="/tmp/.mount_xLights4mtuk/usr/lib/libSDL2-2.0.so.0" address="0x7fed3b4a9000" size="0x5000" version="0"/>
    <module path="/tmp/.mount_xLights4mtuk/usr/lib/libSDL2-2.0.so.0" address="0x7fed3b4b1000" size="0x5000" version="0"/>
    <module path="/tmp/.mount_xLights4mtuk/usr/lib/libnsl.so.1" address="0x7fed3b4ca000" size="0x200000" version="1"/>
    <module path="/tmp/.mount_xLights4mtuk/usr/lib/libnsl.so.1" address="0x7fed3b6cb000" size="0x1000" version="1"/>
    <module path="/tmp/.mount_xLights4mtuk/usr/lib/libnsl.so.1" address="0x7fed3b6ce000" size="0x2000" version="1"/>
    <module path="/usr/lib/x86_64-linux-gnu/libpthread-2.30.so" address="0x7fed3b6d7000" size="0x11000" version="2.30"/>
    <module path="/usr/lib/x86_64-linux-gnu/libpthread-2.30.so" address="0x7fed3b6ed000" size="0x1000" version="2.30"/>
    <module path="/tmp/.mount_xLights4mtuk/usr/lib/liblog4cpp.so.5" address="0x7fed3b6f3000" size="0x3c000" version="5"/>
    <module path="/tmp/.mount_xLights4mtuk/usr/lib/liblog4cpp.so.5" address="0x7fed3b92e000" size="0x2000" version="5"/>
    <module path="/tmp/.mount_xLights4mtuk/usr/lib/liblog4cpp.so.5" address="0x7fed3b931000" size="0xa000" version="5"/>
    <module path="/tmp/.mount_xLights4mtuk/usr/lib/libswscale.so.4" address="0x7fed3b9c2000" size="0x200000" version="4"/>
    <module path="/tmp/.mount_xLights4mtuk/usr/lib/libswscale.so.4" address="0x7fed3bbc3000" size="0x1000" version="4"/>
    <module path="/tmp/.mount_xLights4mtuk/usr/lib/libswscale.so.4" address="0x7fed3bbcc000" size="0x1000" version="4"/>
    <module path="/tmp/.mount_xLights4mtuk/usr/lib/libswresample.so.2" address="0x7fed3bbcf000" size="0x1c000" version="2"/>
    <module path="/tmp/.mount_xLights4mtuk/usr/lib/libswresample.so.2" address="0x7fed3bdeb000" size="0x2000" version="2"/>
    <module path="/tmp/.mount_xLights4mtuk/usr/lib/libswresample.so.2" address="0x7fed3bdee000" size="0x1000" version="2"/>
    <module path="/tmp/.mount_xLights4mtuk/usr/lib/libavutil.so.55" address="0x7fed3be4d000" size="0x200000" version="55"/>
    <module path="/tmp/.mount_xLights4mtuk/usr/lib/libavutil.so.55" address="0x7fed3c05e000" size="0x1000" version="55"/>
    <module path="/tmp/.mount_xLights4mtuk/usr/lib/libavutil.so.55" address="0x7fed3c072000" size="0x3000" version="55"/>
    <module path="/tmp/.mount_xLights4mtuk/usr/lib/libavcodec.so.57" address="0x7fed3ccaa000" size="0x200000" version="57"/>
    <module path="/tmp/.mount_xLights4mtuk/usr/lib/libavcodec.so.57" address="0x7fed3cee1000" size="0x2a000" version="57"/>
    <module path="/tmp/.mount_xLights4mtuk/usr/lib/libavcodec.so.57" address="0x7fed3d64a000" size="0x5000" version="57"/>
    <module path="/tmp/.mount_xLights4mtuk/usr/lib/libavformat.so.57" address="0x7fed3d85c000" size="0x1ff000" version="57"/>
    <module path="/tmp/.mount_xLights4mtuk/usr/lib/libavformat.so.57" address="0x7fed3da73000" size="0x17000" version="57"/>
    <module path="/tmp/.mount_xLights4mtuk/usr/lib/libcurl.so.4" address="0x7fed3da8e000" size="0x7d000" version="4"/>
    <module path="/tmp/.mount_xLights4mtuk/usr/lib/libcurl.so.4" address="0x7fed3dd0a000" size="0x3000" version="4"/>
    <module path="/tmp/.mount_xLights4mtuk/usr/lib/libcurl.so.4" address="0x7fed3dd0e000" size="0x3000" version="4"/>
    <module path="/tmp/.mount_xLights4mtuk/usr/lib/libzstd.so.1" address="0x7fed3dd94000" size="0x200000" version="1"/>
    <module path="/tmp/.mount_xLights4mtuk/usr/lib/libzstd.so.1" address="0x7fed3df95000" size="0x1000" version="1"/>
    <module path="/usr/lib/x86_64-linux-gnu/libz.so.1.2.11" address="0x7fed3df99000" size="0x2000" version="1.2.11"/>
    <module path="/usr/lib/x86_64-linux-gnu/libz.so.1.2.11" address="0x7fed3dfac000" size="0x6000" version="1.2.11"/>
    <module path="/usr/lib/x86_64-linux-gnu/libz.so.1.2.11" address="0x7fed3dfb3000" size="0x1000" version="1.2.11"/>
    <module path="/usr/lib/x86_64-linux-gnu/libX11.so.6.3.0" address="0x7fed3dfb5000" size="0x19000" version="6.3.0"/>
    <module path="/usr/lib/x86_64-linux-gnu/libX11.so.6.3.0" address="0x7fed3e059000" size="0x94000" version="6.3.0"/>
    <module path="/usr/lib/x86_64-linux-gnu/libX11.so.6.3.0" address="0x7fed3e0ee000" size="0x1000" version="6.3.0"/>
    <module path="/usr/lib/x86_64-linux-gnu/libdl-2.30.so" address="0x7fed3e0f3000" size="0x1000" version="2.30"/>
    <module path="/usr/lib/x86_64-linux-gnu/libdl-2.30.so" address="0x7fed3e0f6000" size="0x1000" version="2.30"/>
    <module path="/usr/lib/x86_64-linux-gnu/libdl-2.30.so" address="0x7fed3e0f8000" size="0x1000" version="2.30"/>
    <module path="/tmp/.mount_xLights4mtuk/usr/lib/libglut.so.3" address="0x7fed3e13b000" size="0x1ff000" version="3"/>
    <module path="/tmp/.mount_xLights4mtuk/usr/lib/libglut.so.3" address="0x7fed3e33e000" size="0x5000" version="3"/>
    <module path="/tmp/.mount_xLights4mtuk/usr/lib/libGLU.so.1" address="0x7fed3e345000" size="0x6d000" version="1"/>
    <module path="/tmp/.mount_xLights4mtuk/usr/lib/libGLU.so.1" address="0x7fed3e5b2000" size="0x1000" version="1"/>
    <module path="/tmp/.mount_xLights4mtuk/usr/lib/libGLU.so.1" address="0x7fed3e5b4000" size="0x1000" version="1"/>
    <module path="/usr/lib/x86_64-linux-gnu/libGL.so.1.7.0" address="0x7fed3e5f8000" size="0x1f000" version="1.7.0"/>
    <module path="/usr/lib/x86_64-linux-gnu/libGL.so.1.7.0" address="0x7fed3e62c000" size="0x1000" version="1.7.0"/>
    <module path="/usr/lib/x86_64-linux-gnu/libGL.so.1.7.0" address="0x7fed3e647000" size="0x1000" version="1.7.0"/>
    <module path="/var/cache/fontconfig/20c67d86-7119-435a-b1f7-41a4a52544cb-le64.cache-7" address="0x7fed3e64b000" size="0x1000"/>
    <module path="/usr/lib/x86_64-linux-gnu/gconv/UTF-32.so" address="0x7fed3e64f000" size="0x1000" version="32"/>
    <module path="/usr/lib/x86_64-linux-gnu/gconv/UTF-32.so" address="0x7fed3e652000" size="0x1000" version="32"/>
    <module path="/usr/lib/x86_64-linux-gnu/gconv/UTF-32.so" address="0x7fed3e654000" size="0x1000" version="32"/>
    <module path="/usr/lib/x86_64-linux-gnu/ld-2.30.so" address="0x7fed3e65c000" size="0x1000" version="2.30"/>
    <module path="/usr/lib/x86_64-linux-gnu/ld-2.30.so" address="0x7fed3e67f000" size="0x8000" version="2.30"/>
    <module path="/usr/lib/x86_64-linux-gnu/ld-2.30.so" address="0x7fed3e688000" size="0x1000" version="2.30"/>
    <module path="[stack]" address="0x7ffc1cfa9000" size="0x53000"/>
    <module path="[vdso]" address="0x7ffc1cfff000" size="0x1000"/>
  </modules>
  <stack>
    <frame level="0" function="handleCrash(void*)" offset="0x250" address="0x55de3b8816c0" module="/tmp/.mount_xLights4mtuk/usr/bin/xSchedule"/>
    <frame level="1" offset="0x1b75bc" address="0x7fed38ca95bc" module="/tmp/.mount_xLights4mtuk/usr/bin/../lib/libwx_baseu-3.1.so.2"/>
    <frame level="2" offset="0x15540" address="0x7fed3b6e5540" module="/lib/x86_64-linux-gnu/libpthread.so.0"/>
    <frame level="3" offset="0" address="0x55de3c3d4be0" module="[0x55de3c3d4be0]"/>
  </stack>
</report>
